{
  "dataset_revision": "ec0fa4fe99da2ff19ca1214b7966684033a58814",
  "evaluation_time": 73.89324378967285,
  "kg_co2_emissions": null,
  "mteb_version": "1.14.18",
  "scores": {
    "test": [
      {
        "hf_subset": "default",
        "languages": [
          "eng-Latn"
        ],
        "main_score": 0.23603,
        "map_at_1": 0.03318,
        "map_at_10": 0.07165,
        "map_at_100": 0.09389,
        "map_at_1000": 0.10749,
        "map_at_20": 0.07984,
        "map_at_3": 0.0529,
        "map_at_5": 0.06166,
        "mrr_at_1": 0.3126934984520124,
        "mrr_at_10": 0.40772888102609467,
        "mrr_at_100": 0.4177587921134156,
        "mrr_at_1000": 0.41827686743686315,
        "mrr_at_20": 0.41428203193903523,
        "mrr_at_3": 0.3875128998968008,
        "mrr_at_5": 0.3983488132094943,
        "nauc_map_at_1000_diff1": 0.30789586265577373,
        "nauc_map_at_1000_max": 0.29732139442142086,
        "nauc_map_at_1000_std": 0.1601175410794367,
        "nauc_map_at_100_diff1": 0.33297509789600743,
        "nauc_map_at_100_max": 0.2900049050976147,
        "nauc_map_at_100_std": 0.11050698300596384,
        "nauc_map_at_10_diff1": 0.38411057006589544,
        "nauc_map_at_10_max": 0.2365909402979543,
        "nauc_map_at_10_std": 0.015236260995663997,
        "nauc_map_at_1_diff1": 0.5558562054924283,
        "nauc_map_at_1_max": 0.13425633059080225,
        "nauc_map_at_1_std": -0.09581724121148003,
        "nauc_map_at_20_diff1": 0.3648487706031976,
        "nauc_map_at_20_max": 0.26141976342351336,
        "nauc_map_at_20_std": 0.05532197839185513,
        "nauc_map_at_3_diff1": 0.4547386532250668,
        "nauc_map_at_3_max": 0.20066219994809625,
        "nauc_map_at_3_std": -0.08087726153823258,
        "nauc_map_at_5_diff1": 0.4282418322729717,
        "nauc_map_at_5_max": 0.2013811272888646,
        "nauc_map_at_5_std": -0.033916897427075474,
        "nauc_mrr_at_1000_diff1": 0.2215819361582149,
        "nauc_mrr_at_1000_max": 0.3694349094244845,
        "nauc_mrr_at_1000_std": 0.18440379695549317,
        "nauc_mrr_at_100_diff1": 0.22148211383959845,
        "nauc_mrr_at_100_max": 0.36935702240225615,
        "nauc_mrr_at_100_std": 0.1842686029252684,
        "nauc_mrr_at_10_diff1": 0.2205506474290296,
        "nauc_mrr_at_10_max": 0.3673998773658595,
        "nauc_mrr_at_10_std": 0.18715253968938594,
        "nauc_mrr_at_1_diff1": 0.23141379642565893,
        "nauc_mrr_at_1_max": 0.30869594724789046,
        "nauc_mrr_at_1_std": 0.14780166441715473,
        "nauc_mrr_at_20_diff1": 0.22211865334137845,
        "nauc_mrr_at_20_max": 0.3704843239631969,
        "nauc_mrr_at_20_std": 0.18653100077862067,
        "nauc_mrr_at_3_diff1": 0.2158802155296975,
        "nauc_mrr_at_3_max": 0.3633101596004813,
        "nauc_mrr_at_3_std": 0.1721692531202821,
        "nauc_mrr_at_5_diff1": 0.22395867162636027,
        "nauc_mrr_at_5_max": 0.3641087399746706,
        "nauc_mrr_at_5_std": 0.1866833217462995,
        "nauc_ndcg_at_1000_diff1": 0.2462745414033717,
        "nauc_ndcg_at_1000_max": 0.4206695036026916,
        "nauc_ndcg_at_1000_std": 0.26974301492611696,
        "nauc_ndcg_at_100_diff1": 0.2553366945645116,
        "nauc_ndcg_at_100_max": 0.35585380104559006,
        "nauc_ndcg_at_100_std": 0.1964422283794713,
        "nauc_ndcg_at_10_diff1": 0.19746188644565635,
        "nauc_ndcg_at_10_max": 0.3326116104959237,
        "nauc_ndcg_at_10_std": 0.2537287599343263,
        "nauc_ndcg_at_1_diff1": 0.23445526396692057,
        "nauc_ndcg_at_1_max": 0.277748277238499,
        "nauc_ndcg_at_1_std": 0.13694797252360671,
        "nauc_ndcg_at_20_diff1": 0.20860200205865814,
        "nauc_ndcg_at_20_max": 0.3138014434005954,
        "nauc_ndcg_at_20_std": 0.24343615472495886,
        "nauc_ndcg_at_3_diff1": 0.1909364484647205,
        "nauc_ndcg_at_3_max": 0.3501534982762087,
        "nauc_ndcg_at_3_std": 0.2097444887762602,
        "nauc_ndcg_at_5_diff1": 0.20148453846491599,
        "nauc_ndcg_at_5_max": 0.3367396492828861,
        "nauc_ndcg_at_5_std": 0.24993289883905453,
        "nauc_precision_at_1000_diff1": -0.14003782419699315,
        "nauc_precision_at_1000_max": 0.04137003524131272,
        "nauc_precision_at_1000_std": 0.34428144052466647,
        "nauc_precision_at_100_diff1": -0.09598964949041862,
        "nauc_precision_at_100_max": 0.17849610691106388,
        "nauc_precision_at_100_std": 0.4278881183235496,
        "nauc_precision_at_10_diff1": 0.03474961220199322,
        "nauc_precision_at_10_max": 0.34390731004654307,
        "nauc_precision_at_10_std": 0.3634015244664996,
        "nauc_precision_at_1_diff1": 0.23141379642565893,
        "nauc_precision_at_1_max": 0.30869594724789046,
        "nauc_precision_at_1_std": 0.14780166441715473,
        "nauc_precision_at_20_diff1": -0.01687449428919409,
        "nauc_precision_at_20_max": 0.28890161620410487,
        "nauc_precision_at_20_std": 0.40533618375966907,
        "nauc_precision_at_3_diff1": 0.11684645480213961,
        "nauc_precision_at_3_max": 0.38194950234745206,
        "nauc_precision_at_3_std": 0.2567992289978091,
        "nauc_precision_at_5_diff1": 0.09446844454701699,
        "nauc_precision_at_5_max": 0.34762417871021717,
        "nauc_precision_at_5_std": 0.313695520576168,
        "nauc_recall_at_1000_diff1": 0.07039153512816076,
        "nauc_recall_at_1000_max": 0.1503947719212296,
        "nauc_recall_at_1000_std": 0.21674997880547947,
        "nauc_recall_at_100_diff1": 0.2014037421561416,
        "nauc_recall_at_100_max": 0.21129424808309605,
        "nauc_recall_at_100_std": 0.08517017567013926,
        "nauc_recall_at_10_diff1": 0.3118816592671688,
        "nauc_recall_at_10_max": 0.16643327873700134,
        "nauc_recall_at_10_std": 0.02937497342924235,
        "nauc_recall_at_1_diff1": 0.5558562054924283,
        "nauc_recall_at_1_max": 0.13425633059080225,
        "nauc_recall_at_1_std": -0.09581724121148003,
        "nauc_recall_at_20_diff1": 0.27965196433626843,
        "nauc_recall_at_20_max": 0.16209098693359042,
        "nauc_recall_at_20_std": 0.045089044378764355,
        "nauc_recall_at_3_diff1": 0.40068858896028053,
        "nauc_recall_at_3_max": 0.193015545554586,
        "nauc_recall_at_3_std": -0.07470297307277005,
        "nauc_recall_at_5_diff1": 0.36546058758568595,
        "nauc_recall_at_5_max": 0.14323543484153822,
        "nauc_recall_at_5_std": -0.002294779715111732,
        "ndcg_at_1": 0.29721,
        "ndcg_at_10": 0.23603,
        "ndcg_at_100": 0.22828,
        "ndcg_at_1000": 0.32877,
        "ndcg_at_20": 0.22375,
        "ndcg_at_3": 0.27722,
        "ndcg_at_5": 0.25971,
        "precision_at_1": 0.31269,
        "precision_at_10": 0.1774,
        "precision_at_100": 0.06285,
        "precision_at_1000": 0.01976,
        "precision_at_20": 0.13715,
        "precision_at_3": 0.26522,
        "precision_at_5": 0.22786,
        "recall_at_1": 0.03318,
        "recall_at_10": 0.11183,
        "recall_at_100": 0.25307,
        "recall_at_1000": 0.61033,
        "recall_at_20": 0.14519,
        "recall_at_3": 0.06666,
        "recall_at_5": 0.08522
      }
    ]
  },
  "task_name": "NFCorpus"
}