{
  "dataset_revision": "ec0fa4fe99da2ff19ca1214b7966684033a58814",
  "evaluation_time": 69.14650774002075,
  "kg_co2_emissions": null,
  "mteb_version": "1.14.18",
  "scores": {
    "test": [
      {
        "hf_subset": "default",
        "languages": [
          "eng-Latn"
        ],
        "main_score": 0.27735,
        "map_at_1": 0.03478,
        "map_at_10": 0.08631,
        "map_at_100": 0.11242,
        "map_at_1000": 0.12697,
        "map_at_20": 0.09685,
        "map_at_3": 0.05963,
        "map_at_5": 0.07218,
        "mrr_at_1": 0.3591331269349845,
        "mrr_at_10": 0.46086417022949533,
        "mrr_at_100": 0.46874401221934703,
        "mrr_at_1000": 0.4690922322205619,
        "mrr_at_20": 0.46587664222969366,
        "mrr_at_3": 0.4360165118679051,
        "mrr_at_5": 0.45227038183694535,
        "nauc_map_at_1000_diff1": 0.2810241342253722,
        "nauc_map_at_1000_max": 0.3303578343968677,
        "nauc_map_at_1000_std": 0.20825520378251036,
        "nauc_map_at_100_diff1": 0.28958021767425995,
        "nauc_map_at_100_max": 0.3264786408419396,
        "nauc_map_at_100_std": 0.15640789116852483,
        "nauc_map_at_10_diff1": 0.3324937022525053,
        "nauc_map_at_10_max": 0.2780446654606617,
        "nauc_map_at_10_std": 0.03764470759055863,
        "nauc_map_at_1_diff1": 0.5102290990018493,
        "nauc_map_at_1_max": 0.15044085099830776,
        "nauc_map_at_1_std": -0.11790597991678634,
        "nauc_map_at_20_diff1": 0.31051768376773947,
        "nauc_map_at_20_max": 0.30422192754330063,
        "nauc_map_at_20_std": 0.08714818881150342,
        "nauc_map_at_3_diff1": 0.39198922338923314,
        "nauc_map_at_3_max": 0.1818621197937013,
        "nauc_map_at_3_std": -0.056691023837593495,
        "nauc_map_at_5_diff1": 0.3498005029729171,
        "nauc_map_at_5_max": 0.22630959346695953,
        "nauc_map_at_5_std": -0.021714145024358505,
        "nauc_mrr_at_1000_diff1": 0.317707158379224,
        "nauc_mrr_at_1000_max": 0.3879807417296985,
        "nauc_mrr_at_1000_std": 0.23677899876430025,
        "nauc_mrr_at_100_diff1": 0.3177830571438248,
        "nauc_mrr_at_100_max": 0.3881155714534707,
        "nauc_mrr_at_100_std": 0.2366657999858529,
        "nauc_mrr_at_10_diff1": 0.3190941660498075,
        "nauc_mrr_at_10_max": 0.38796067322729166,
        "nauc_mrr_at_10_std": 0.23677179887853078,
        "nauc_mrr_at_1_diff1": 0.32211173861148823,
        "nauc_mrr_at_1_max": 0.3327419412711287,
        "nauc_mrr_at_1_std": 0.22184396879571888,
        "nauc_mrr_at_20_diff1": 0.31859528630104983,
        "nauc_mrr_at_20_max": 0.3882008733595942,
        "nauc_mrr_at_20_std": 0.2355420428694715,
        "nauc_mrr_at_3_diff1": 0.3144211015824794,
        "nauc_mrr_at_3_max": 0.3699501331724485,
        "nauc_mrr_at_3_std": 0.22223325863783686,
        "nauc_mrr_at_5_diff1": 0.320343630830913,
        "nauc_mrr_at_5_max": 0.3803141371405725,
        "nauc_mrr_at_5_std": 0.23622167277314196,
        "nauc_ndcg_at_1000_diff1": 0.24406381184506315,
        "nauc_ndcg_at_1000_max": 0.44301244917056753,
        "nauc_ndcg_at_1000_std": 0.32941156929444343,
        "nauc_ndcg_at_100_diff1": 0.24381252724000144,
        "nauc_ndcg_at_100_max": 0.3855196368619091,
        "nauc_ndcg_at_100_std": 0.28434164553192426,
        "nauc_ndcg_at_10_diff1": 0.23537257308873338,
        "nauc_ndcg_at_10_max": 0.36256084614329426,
        "nauc_ndcg_at_10_std": 0.3268367134236572,
        "nauc_ndcg_at_1_diff1": 0.3206875399941038,
        "nauc_ndcg_at_1_max": 0.31161316657538335,
        "nauc_ndcg_at_1_std": 0.22203669309516594,
        "nauc_ndcg_at_20_diff1": 0.23030959503549575,
        "nauc_ndcg_at_20_max": 0.35613418127369223,
        "nauc_ndcg_at_20_std": 0.3283820305349141,
        "nauc_ndcg_at_3_diff1": 0.2542650767820103,
        "nauc_ndcg_at_3_max": 0.33473319526185014,
        "nauc_ndcg_at_3_std": 0.26094045273203664,
        "nauc_ndcg_at_5_diff1": 0.25678989947025416,
        "nauc_ndcg_at_5_max": 0.35969206701701145,
        "nauc_ndcg_at_5_std": 0.3031818386606626,
        "nauc_precision_at_1000_diff1": -0.0030427988808976584,
        "nauc_precision_at_1000_max": 0.02816153255960787,
        "nauc_precision_at_1000_std": 0.4241290052403341,
        "nauc_precision_at_100_diff1": 0.005821300962210367,
        "nauc_precision_at_100_max": 0.17782510477040986,
        "nauc_precision_at_100_std": 0.5178755762356048,
        "nauc_precision_at_10_diff1": 0.09977240145124806,
        "nauc_precision_at_10_max": 0.3684853444668968,
        "nauc_precision_at_10_std": 0.4554753528281323,
        "nauc_precision_at_1_diff1": 0.32211173861148823,
        "nauc_precision_at_1_max": 0.3327419412711287,
        "nauc_precision_at_1_std": 0.22184396879571888,
        "nauc_precision_at_20_diff1": 0.05543461064763512,
        "nauc_precision_at_20_max": 0.3097208551874942,
        "nauc_precision_at_20_std": 0.4954198252322373,
        "nauc_precision_at_3_diff1": 0.1877490843037075,
        "nauc_precision_at_3_max": 0.3657452480547225,
        "nauc_precision_at_3_std": 0.319814089145678,
        "nauc_precision_at_5_diff1": 0.17117995492474825,
        "nauc_precision_at_5_max": 0.39597552370958183,
        "nauc_precision_at_5_std": 0.3955860134648892,
        "nauc_recall_at_1000_diff1": -0.009366548546791559,
        "nauc_recall_at_1000_max": 0.18918871379643637,
        "nauc_recall_at_1000_std": 0.20597348828511042,
        "nauc_recall_at_100_diff1": 0.06409269523835719,
        "nauc_recall_at_100_max": 0.17617201923198256,
        "nauc_recall_at_100_std": 0.12344821105411968,
        "nauc_recall_at_10_diff1": 0.21637324784530432,
        "nauc_recall_at_10_max": 0.21867850433427632,
        "nauc_recall_at_10_std": 0.009979071108319141,
        "nauc_recall_at_1_diff1": 0.5102290990018493,
        "nauc_recall_at_1_max": 0.15044085099830776,
        "nauc_recall_at_1_std": -0.11790597991678634,
        "nauc_recall_at_20_diff1": 0.16913020621472424,
        "nauc_recall_at_20_max": 0.20788710338251562,
        "nauc_recall_at_20_std": 0.05874551253146571,
        "nauc_recall_at_3_diff1": 0.30446849548814725,
        "nauc_recall_at_3_max": 0.1306334515041365,
        "nauc_recall_at_3_std": -0.07049210224043716,
        "nauc_recall_at_5_diff1": 0.23616062696102225,
        "nauc_recall_at_5_max": 0.17257022399788005,
        "nauc_recall_at_5_std": -0.03585661586430599,
        "ndcg_at_1": 0.34675,
        "ndcg_at_10": 0.27735,
        "ndcg_at_100": 0.26084,
        "ndcg_at_1000": 0.35621,
        "ndcg_at_20": 0.25891,
        "ndcg_at_3": 0.31901,
        "ndcg_at_5": 0.30056,
        "precision_at_1": 0.35913,
        "precision_at_10": 0.20991,
        "precision_at_100": 0.06991,
        "precision_at_1000": 0.0205,
        "precision_at_20": 0.15697,
        "precision_at_3": 0.30444,
        "precision_at_5": 0.26378,
        "recall_at_1": 0.03478,
        "recall_at_10": 0.13529,
        "recall_at_100": 0.29519,
        "recall_at_1000": 0.62276,
        "recall_at_20": 0.17478,
        "recall_at_3": 0.07473,
        "recall_at_5": 0.10141
      }
    ]
  },
  "task_name": "NFCorpus"
}