{
  "dataset_revision": "ec0fa4fe99da2ff19ca1214b7966684033a58814",
  "evaluation_time": 62.940276861190796,
  "kg_co2_emissions": null,
  "mteb_version": "1.14.18",
  "scores": {
    "test": [
      {
        "hf_subset": "default",
        "languages": [
          "eng-Latn"
        ],
        "main_score": 0.29119,
        "map_at_1": 0.04952,
        "map_at_10": 0.09836,
        "map_at_100": 0.12529,
        "map_at_1000": 0.13972,
        "map_at_20": 0.10867,
        "map_at_3": 0.07277,
        "map_at_5": 0.08461,
        "mrr_at_1": 0.4055727554179567,
        "mrr_at_10": 0.4944088161580421,
        "mrr_at_100": 0.5024561790462084,
        "mrr_at_1000": 0.5028345049077666,
        "mrr_at_20": 0.50003769784176,
        "mrr_at_3": 0.47110423116615063,
        "mrr_at_5": 0.48565531475748197,
        "nauc_map_at_1000_diff1": 0.2725923278228493,
        "nauc_map_at_1000_max": 0.3037591863649591,
        "nauc_map_at_1000_std": 0.19459368435986024,
        "nauc_map_at_100_diff1": 0.2883118168585797,
        "nauc_map_at_100_max": 0.2950479751699427,
        "nauc_map_at_100_std": 0.15401816947159416,
        "nauc_map_at_10_diff1": 0.32109086111912255,
        "nauc_map_at_10_max": 0.2348650655989604,
        "nauc_map_at_10_std": 0.057464933164516674,
        "nauc_map_at_1_diff1": 0.33640230396030024,
        "nauc_map_at_1_max": 0.10098573934214329,
        "nauc_map_at_1_std": -0.09753507723309353,
        "nauc_map_at_20_diff1": 0.30705328564010465,
        "nauc_map_at_20_max": 0.26013662638490936,
        "nauc_map_at_20_std": 0.0945990994669294,
        "nauc_map_at_3_diff1": 0.3379734964837825,
        "nauc_map_at_3_max": 0.16756429704752396,
        "nauc_map_at_3_std": -0.023753507472163843,
        "nauc_map_at_5_diff1": 0.32373400598166324,
        "nauc_map_at_5_max": 0.19244216421551788,
        "nauc_map_at_5_std": 0.01784145203098249,
        "nauc_mrr_at_1000_diff1": 0.1969830881595882,
        "nauc_mrr_at_1000_max": 0.4134358682660595,
        "nauc_mrr_at_1000_std": 0.2739664177631397,
        "nauc_mrr_at_100_diff1": 0.19701106056010512,
        "nauc_mrr_at_100_max": 0.4137158936852025,
        "nauc_mrr_at_100_std": 0.27427333753975813,
        "nauc_mrr_at_10_diff1": 0.1984473821216783,
        "nauc_mrr_at_10_max": 0.4109483822659883,
        "nauc_mrr_at_10_std": 0.27482702915553614,
        "nauc_mrr_at_1_diff1": 0.17782206519906685,
        "nauc_mrr_at_1_max": 0.3734341838738941,
        "nauc_mrr_at_1_std": 0.24192795202497394,
        "nauc_mrr_at_20_diff1": 0.19791909639899075,
        "nauc_mrr_at_20_max": 0.413172874986662,
        "nauc_mrr_at_20_std": 0.2736317231438171,
        "nauc_mrr_at_3_diff1": 0.19650381654094504,
        "nauc_mrr_at_3_max": 0.4074279966282701,
        "nauc_mrr_at_3_std": 0.2611690921282159,
        "nauc_mrr_at_5_diff1": 0.195779146030549,
        "nauc_mrr_at_5_max": 0.40515493122653845,
        "nauc_mrr_at_5_std": 0.27145895133152464,
        "nauc_ndcg_at_1000_diff1": 0.22843408652106187,
        "nauc_ndcg_at_1000_max": 0.4452494411459916,
        "nauc_ndcg_at_1000_std": 0.30214992654651385,
        "nauc_ndcg_at_100_diff1": 0.24087903293210117,
        "nauc_ndcg_at_100_max": 0.38892535208678064,
        "nauc_ndcg_at_100_std": 0.26354365614757375,
        "nauc_ndcg_at_10_diff1": 0.21586295115730866,
        "nauc_ndcg_at_10_max": 0.3604668729837599,
        "nauc_ndcg_at_10_std": 0.31201035597380666,
        "nauc_ndcg_at_1_diff1": 0.1843731268154761,
        "nauc_ndcg_at_1_max": 0.34559188300422106,
        "nauc_ndcg_at_1_std": 0.21683688260229853,
        "nauc_ndcg_at_20_diff1": 0.2215957315165242,
        "nauc_ndcg_at_20_max": 0.35418502133771385,
        "nauc_ndcg_at_20_std": 0.29337623187057144,
        "nauc_ndcg_at_3_diff1": 0.1930878617688409,
        "nauc_ndcg_at_3_max": 0.36260663856755637,
        "nauc_ndcg_at_3_std": 0.25366541317459257,
        "nauc_ndcg_at_5_diff1": 0.19678429879885276,
        "nauc_ndcg_at_5_max": 0.35315083596828184,
        "nauc_ndcg_at_5_std": 0.2952450802076285,
        "nauc_precision_at_1000_diff1": -0.05816625869104194,
        "nauc_precision_at_1000_max": 0.05337796011162759,
        "nauc_precision_at_1000_std": 0.3606775323906653,
        "nauc_precision_at_100_diff1": -0.02140032209866521,
        "nauc_precision_at_100_max": 0.2227927428522165,
        "nauc_precision_at_100_std": 0.46642240472778895,
        "nauc_precision_at_10_diff1": 0.08078578007940124,
        "nauc_precision_at_10_max": 0.36231154134600224,
        "nauc_precision_at_10_std": 0.4167080042553277,
        "nauc_precision_at_1_diff1": 0.17782206519906685,
        "nauc_precision_at_1_max": 0.3734341838738941,
        "nauc_precision_at_1_std": 0.24192795202497394,
        "nauc_precision_at_20_diff1": 0.0400196780420247,
        "nauc_precision_at_20_max": 0.32471500328874886,
        "nauc_precision_at_20_std": 0.42675650679586447,
        "nauc_precision_at_3_diff1": 0.13728472430396518,
        "nauc_precision_at_3_max": 0.39635889025503446,
        "nauc_precision_at_3_std": 0.30705653549451684,
        "nauc_precision_at_5_diff1": 0.11495983779324732,
        "nauc_precision_at_5_max": 0.3632979027062146,
        "nauc_precision_at_5_std": 0.361695463733538,
        "nauc_recall_at_1000_diff1": 0.16264469429757664,
        "nauc_recall_at_1000_max": 0.2307572435918156,
        "nauc_recall_at_1000_std": 0.17603343990023745,
        "nauc_recall_at_100_diff1": 0.17796314029831067,
        "nauc_recall_at_100_max": 0.24547513359846015,
        "nauc_recall_at_100_std": 0.167509109283619,
        "nauc_recall_at_10_diff1": 0.29975252202477565,
        "nauc_recall_at_10_max": 0.21101146473418345,
        "nauc_recall_at_10_std": 0.05669604054026976,
        "nauc_recall_at_1_diff1": 0.33640230396030024,
        "nauc_recall_at_1_max": 0.10098573934214329,
        "nauc_recall_at_1_std": -0.09753507723309353,
        "nauc_recall_at_20_diff1": 0.23744336468647387,
        "nauc_recall_at_20_max": 0.1862967978575613,
        "nauc_recall_at_20_std": 0.07541564801617609,
        "nauc_recall_at_3_diff1": 0.3357247061975864,
        "nauc_recall_at_3_max": 0.16859635889863428,
        "nauc_recall_at_3_std": -0.029962652965531657,
        "nauc_recall_at_5_diff1": 0.31301666719459503,
        "nauc_recall_at_5_max": 0.17716296896225422,
        "nauc_recall_at_5_std": 0.04739561340252611,
        "ndcg_at_1": 0.387,
        "ndcg_at_10": 0.29119,
        "ndcg_at_100": 0.2759,
        "ndcg_at_1000": 0.37083,
        "ndcg_at_20": 0.27302,
        "ndcg_at_3": 0.3348,
        "ndcg_at_5": 0.31809,
        "precision_at_1": 0.40557,
        "precision_at_10": 0.21455,
        "precision_at_100": 0.07096,
        "precision_at_1000": 0.02073,
        "precision_at_20": 0.15836,
        "precision_at_3": 0.31269,
        "precision_at_5": 0.27616,
        "recall_at_1": 0.04952,
        "recall_at_10": 0.13684,
        "recall_at_100": 0.29783,
        "recall_at_1000": 0.63258,
        "recall_at_20": 0.17828,
        "recall_at_3": 0.08072,
        "recall_at_5": 0.10178
      }
    ]
  },
  "task_name": "NFCorpus"
}